{
  "seed": 4,
  "actors": {

    "0": {"spawn_point": [174.33004760742188, 237.42999267578125, 0.5]},

    "1": {"spawn_point": [-3.679999828338623, 192.42999267578125, 0.5]},

    "2": {"spawn_point": [189.92999267578125, 252.3300018310547, 0.5]},

    "3": {"spawn_point": [45.23999786376953, 291.2900085449219, 0.5]},

    "4": {"spawn_point": [189.92999267578125, 142.19000244140625, 0.5]},

    "5": {"spawn_point": [135.87998962402344, 215.26998901367188, 0.5]},

    "6": {"spawn_point": [37.47003936767578, 105.5500259399414, 0.5]},

    "7": {"spawn_point": [173.87005615234375, 109.40003967285156, 0.5]},

    "8": {"spawn_point": [14.010019302368164, 306.41998291015625, 0.5]},

    "9": {"spawn_point": [88.71001434326172, 241.27999877929688, 0.5]},

    "10": {"spawn_point": [27.72001838684082, 187.9199981689453, 0.5]},

    "11": {"spawn_point": [193.77999877929688, 160.5800018310547, 0.5]},

    "12": {"spawn_point": [59.71002960205078, 241.27999877929688, 0.5]},

    "13": {"spawn_point": [151.75006103515625, 109.40003967285156, 0.5]},

    "14": {"spawn_point": [-3.679999828338623, 142.19000244140625, 0.5]},

    "15": {"spawn_point": [-3.6799514293670654, 158.97999572753906, 0.5]},

    "16": {"spawn_point": [55.410037994384766, 105.54998779296875, 0.5]},

    "17": {"spawn_point": [71.53003692626953, 302.57000732421875, 0.5]},

    "18": {"spawn_point": [132.02999877929688, 211.0, 0.5]},

    "19": {
      "spawn_point": [-7.529999732971191, 142.19000244140625, 0.5],
      "ignore_lights_percentage": 100,
      "percentage_speed_difference": -100
    }
  },

  "stop_car": true,

  "stop_car_pos": [
    [-3.5, 240.0, 270.0]
  ]
}